timestamp_unix,datetime_utc,decreases_50_october_2025_yes
1750377608,2025-06-20T00:00:08+00:00,0.06
1750464008,2025-06-21T00:00:08+00:00,0.0635
1750550406,2025-06-22T00:00:06+00:00,0.0625
1750636807,2025-06-23T00:00:07+00:00,0.0655
1750723207,2025-06-24T00:00:07+00:00,0.0675
1750809607,2025-06-25T00:00:07+00:00,0.08
1750896008,2025-06-26T00:00:08+00:00,0.0825
1750982407,2025-06-27T00:00:07+00:00,0.084
1751068807,2025-06-28T00:00:07+00:00,0.0895
1751155208,2025-06-29T00:00:08+00:00,0.0855
1751241607,2025-06-30T00:00:07+00:00,0.0855
1751328008,2025-07-01T00:00:08+00:00,0.0845
1751414407,2025-07-02T00:00:07+00:00,0.072
1751500808,2025-07-03T00:00:08+00:00,0.074
1751587208,2025-07-04T00:00:08+00:00,0.056
1751673608,2025-07-05T00:00:08+00:00,0.0625
1751760007,2025-07-06T00:00:07+00:00,0.0655
1751846407,2025-07-07T00:00:07+00:00,0.07
1751932808,2025-07-08T00:00:08+00:00,0.0725
1752019207,2025-07-09T00:00:07+00:00,0.0775
1752105608,2025-07-10T00:00:08+00:00,0.0695
1752192008,2025-07-11T00:00:08+00:00,0.0685
1752278409,2025-07-12T00:00:09+00:00,0.0715
1752364808,2025-07-13T00:00:08+00:00,0.053
1752451207,2025-07-14T00:00:07+00:00,0.0755
1752537608,2025-07-15T00:00:08+00:00,0.078
1752624008,2025-07-16T00:00:08+00:00,0.0665
1752710408,2025-07-17T00:00:08+00:00,0.0755
1752796808,2025-07-18T00:00:08+00:00,0.0785
1752883209,2025-07-19T00:00:09+00:00,0.0765
1752969608,2025-07-20T00:00:08+00:00,0.0645
1753056007,2025-07-21T00:00:07+00:00,0.068
1753142409,2025-07-22T00:00:09+00:00,0.076
1753228809,2025-07-23T00:00:09+00:00,0.076
1753315209,2025-07-24T00:00:09+00:00,0.0655
1753401609,2025-07-25T00:00:09+00:00,0.0635
1753488009,2025-07-26T00:00:09+00:00,0.076
1753574410,2025-07-27T00:00:10+00:00,0.077
1753660809,2025-07-28T00:00:09+00:00,0.0775
1753747210,2025-07-29T00:00:10+00:00,0.0725
1753833610,2025-07-30T00:00:10+00:00,0.073
1753920008,2025-07-31T00:00:08+00:00,0.06
1754006409,2025-08-01T00:00:09+00:00,0.057
1754092809,2025-08-02T00:00:09+00:00,0.0535
1754179208,2025-08-03T00:00:08+00:00,0.057
1754265607,2025-08-04T00:00:07+00:00,0.0575
1754352008,2025-08-05T00:00:08+00:00,0.054
1754438409,2025-08-06T00:00:09+00:00,0.0555
1754524811,2025-08-07T00:00:11+00:00,0.057
1754611209,2025-08-08T00:00:09+00:00,0.058
1754697607,2025-08-09T00:00:07+00:00,0.058
1754784009,2025-08-10T00:00:09+00:00,0.0585
1754870402,2025-08-11T00:00:02+00:00,0.0575
1754956809,2025-08-12T00:00:09+00:00,0.0675
1755043214,2025-08-13T00:00:14+00:00,0.0665
1755129605,2025-08-14T00:00:05+00:00,0.068
1755216003,2025-08-15T00:00:03+00:00,0.056
1755302402,2025-08-16T00:00:02+00:00,0.058
1755388802,2025-08-17T00:00:02+00:00,0.058
1755475208,2025-08-18T00:00:08+00:00,0.0565
1755561607,2025-08-19T00:00:07+00:00,0.057
1755648004,2025-08-20T00:00:04+00:00,0.058
1755734407,2025-08-21T00:00:07+00:00,0.059
1755820803,2025-08-22T00:00:03+00:00,0.055
1755907214,2025-08-23T00:00:14+00:00,0.0525
1755993606,2025-08-24T00:00:06+00:00,0.047
1756080005,2025-08-25T00:00:05+00:00,0.0415
1756166408,2025-08-26T00:00:08+00:00,0.0325
1756252812,2025-08-27T00:00:12+00:00,0.0365
1756339206,2025-08-28T00:00:06+00:00,0.0545
1756425615,2025-08-29T00:00:15+00:00,0.057
1756512012,2025-08-30T00:00:12+00:00,0.0665
1756598412,2025-08-31T00:00:12+00:00,0.0665
1756684810,2025-09-01T00:00:10+00:00,0.0675
1756771209,2025-09-02T00:00:09+00:00,0.0665
1756857602,2025-09-03T00:00:02+00:00,0.0675
1756944008,2025-09-04T00:00:08+00:00,0.068
1757030404,2025-09-05T00:00:04+00:00,0.068
1757116812,2025-09-06T00:00:12+00:00,0.065
1757203205,2025-09-07T00:00:05+00:00,0.0595
1757289611,2025-09-08T00:00:11+00:00,0.0535
1757376011,2025-09-09T00:00:11+00:00,0.0535
1757462413,2025-09-10T00:00:13+00:00,0.0645
1757548810,2025-09-11T00:00:10+00:00,0.0655
1757635224,2025-09-12T00:00:24+00:00,0.119
1757721613,2025-09-13T00:00:13+00:00,0.1195
1757808015,2025-09-14T00:00:15+00:00,0.09
1757894406,2025-09-15T00:00:06+00:00,0.0875
1757980816,2025-09-16T00:00:16+00:00,0.095
1758067206,2025-09-17T00:00:06+00:00,0.0915
1758153609,2025-09-18T00:00:09+00:00,0.0735
1758240004,2025-09-19T00:00:04+00:00,0.044
1758326409,2025-09-20T00:00:09+00:00,0.0435
1758412809,2025-09-21T00:00:09+00:00,0.044
1758499211,2025-09-22T00:00:11+00:00,0.041
1758585611,2025-09-23T00:00:11+00:00,0.041
1758672014,2025-09-24T00:00:14+00:00,0.0395
1758758407,2025-09-25T00:00:07+00:00,0.0415
1758844811,2025-09-26T00:00:11+00:00,0.036
1758931204,2025-09-27T00:00:04+00:00,0.0375
1759017606,2025-09-28T00:00:06+00:00,0.0355
1759104010,2025-09-29T00:00:10+00:00,0.035
1759190412,2025-09-30T00:00:12+00:00,0.0325
1759276807,2025-10-01T00:00:07+00:00,0.036
1759363209,2025-10-02T00:00:09+00:00,0.037
1759449611,2025-10-03T00:00:11+00:00,0.038
1759536003,2025-10-04T00:00:03+00:00,0.0335
1759622403,2025-10-05T00:00:03+00:00,0.036
1759708803,2025-10-06T00:00:03+00:00,0.0325
1759795205,2025-10-07T00:00:05+00:00,0.0285
1759881606,2025-10-08T00:00:06+00:00,0.0285
1759968013,2025-10-09T00:00:13+00:00,0.0235
1760054418,2025-10-10T00:00:18+00:00,0.022
1760140803,2025-10-11T00:00:03+00:00,0.031
1760227207,2025-10-12T00:00:07+00:00,0.0385
1760313604,2025-10-13T00:00:04+00:00,0.031
1760400016,2025-10-14T00:00:16+00:00,0.0295
1760486407,2025-10-15T00:00:07+00:00,0.024
1760572810,2025-10-16T00:00:10+00:00,0.02
1760659210,2025-10-17T00:00:10+00:00,0.038
1760745610,2025-10-18T00:00:10+00:00,0.0295
1760832021,2025-10-19T00:00:21+00:00,0.027
1760918410,2025-10-20T00:00:10+00:00,0.0255
1761004819,2025-10-21T00:00:19+00:00,0.019
1761091210,2025-10-22T00:00:10+00:00,0.017
1761177607,2025-10-23T00:00:07+00:00,0.0145
1761264009,2025-10-24T00:00:09+00:00,0.015
1761350409,2025-10-25T00:00:09+00:00,0.0095
1761436809,2025-10-26T00:00:09+00:00,0.0065
1761523209,2025-10-27T00:00:09+00:00,0.0065
1761609611,2025-10-28T00:00:11+00:00,0.0045
1761696010,2025-10-29T00:00:10+00:00,0.009
