datetime_utc,increase_max_3_3_may_2026_no,increase_max_3_3_may_2026_yes,increase_3_4_may_2026_no,increase_3_4_may_2026_yes,increase_3_5_may_2026_no,increase_3_5_may_2026_yes,increase_3_6_may_2026_no,increase_3_6_may_2026_yes,increase_3_7_may_2026_no,increase_3_7_may_2026_yes,increase_3_8_may_2026_no,increase_3_8_may_2026_yes,increase_3_9_may_2026_no,increase_3_9_may_2026_yes,increase_4_0_may_2026_no,increase_4_0_may_2026_yes,increase_4_1_may_2026_no,increase_4_1_may_2026_yes,increase_4_2_may_2026_no,increase_4_2_may_2026_yes,increase_4_3_may_2026_no,increase_4_3_may_2026_yes,increase_4_4_may_2026_no,increase_4_4_may_2026_yes
13/05/2026,0.975,0.025,0.9745,0.0255,0.845,0.155,0.85,0.15,0.845,0.155,0.785,0.215,0.795,0.205,0.725,0.275,0.68,0.32,0.68,0.32,0.745,0.255,0.75,0.25
14/05/2026,0.993,0.007,0.991,0.009,0.98,0.02,0.988,0.012,0.977,0.023,0.9755,0.0245,0.96,0.04,0.9695,0.0305,0.9,0.1,0.77,0.23,0.71,0.29,0.7,0.3
15/05/2026,0.98,0.02,0.9915,0.0085,0.9835,0.0165,0.9955,0.0045,0.984,0.016,0.9915,0.0085,0.9685,0.0315,0.9765,0.0235,0.925,0.075,0.775,0.225,0.725,0.275,0.695,0.305
16/05/2026,0.98,0.02,0.9915,0.0085,0.9775,0.0225,0.995,0.005,0.9735,0.0265,0.991,0.009,0.964,0.036,0.9665,0.0335,0.92,0.08,0.765,0.235,0.695,0.305,0.69,0.31
17/05/2026,0.9955,0.0045,0.9955,0.0045,0.9945,0.0055,0.9955,0.0045,0.994,0.006,0.997,0.003,0.984,0.016,0.9945,0.0055,0.915,0.085,0.755,0.245,0.645,0.355,0.67,0.33
18/05/2026,0.996,0.004,0.9965,0.0035,0.9965,0.0035,0.996,0.004,0.9955,0.0045,0.9955,0.0045,0.9975,0.0025,0.9925,0.0075,0.9665,0.0335,0.755,0.245,0.645,0.355,0.635,0.365
19/05/2026,0.996,0.004,0.9975,0.0025,0.9965,0.0035,0.9975,0.0025,0.9975,0.0025,0.9955,0.0045,0.997,0.003,0.9945,0.0055,0.9725,0.0275,0.735,0.265,0.635,0.365,0.645,0.355
20/05/2026,0.9975,0.0025,0.9975,0.0025,0.997,0.003,0.997,0.003,0.997,0.003,0.997,0.003,0.9965,0.0035,0.9935,0.0065,0.9855,0.0145,0.745,0.255,0.625,0.375,0.635,0.365
21/05/2026,0.9975,0.0025,0.9985,0.0015,0.991,0.009,0.9965,0.0035,0.9965,0.0035,0.9965,0.0035,0.9965,0.0035,0.989,0.011,0.986,0.014,0.785,0.215,0.615,0.385,0.615,0.385
22/05/2026,0.998,0.002,0.9985,0.0015,0.9915,0.0085,0.997,0.003,0.997,0.003,0.9975,0.0025,0.983,0.017,0.989,0.011,0.987,0.013,0.785,0.215,0.595,0.405,0.635,0.365
23/05/2026,0.9985,0.0015,0.9985,0.0015,0.994,0.006,0.997,0.003,0.9965,0.0035,0.9965,0.0035,0.995,0.005,0.9935,0.0065,0.9895,0.0105,0.775,0.225,0.575,0.425,0.65,0.35
24/05/2026,0.9985,0.0015,0.9985,0.0015,0.9955,0.0045,0.9985,0.0015,0.9965,0.0035,0.998,0.002,0.9955,0.0045,0.996,0.004,0.99,0.01,0.785,0.215,0.545,0.455,0.705,0.295
25/05/2026,0.9995,0.0005,0.9995,0.0005,0.995,0.005,0.9985,0.0015,0.9965,0.0035,0.9985,0.0015,0.996,0.004,0.994,0.006,0.9925,0.0075,0.78,0.22,0.54,0.46,0.725,0.275
26/05/2026,0.9995,0.0005,0.9995,0.0005,0.994,0.006,0.9985,0.0015,0.9965,0.0035,0.9945,0.0055,0.993,0.007,0.99,0.01,0.9875,0.0125,0.675,0.325,0.56,0.44,0.8,0.2
27/05/2026,0.9995,0.0005,0.9995,0.0005,0.994,0.006,0.9985,0.0015,0.9985,0.0015,0.9945,0.0055,0.9925,0.0075,0.981,0.019,0.964,0.036,0.69,0.31,0.555,0.445,0.79,0.21
28/05/2026,0.9995,0.0005,0.9995,0.0005,0.993,0.007,0.9985,0.0015,0.9985,0.0015,0.9925,0.0075,0.992,0.008,0.9805,0.0195,0.9695,0.0305,0.64,0.36,0.555,0.445,0.84,0.16
29/05/2026,0.9995,0.0005,0.9995,0.0005,0.994,0.006,0.9985,0.0015,0.9985,0.0015,0.9935,0.0065,0.993,0.007,0.9785,0.0215,0.9485,0.0515,0.61,0.39,0.585,0.415,0.86,0.14
30/05/2026,0.9995,0.0005,0.9995,0.0005,0.994,0.006,0.9985,0.0015,0.9985,0.0015,0.995,0.005,0.993,0.007,0.9885,0.0115,0.955,0.045,0.62,0.38,0.57,0.43,0.87,0.13
31/05/2026,0.9995,0.0005,0.9995,0.0005,0.9925,0.0075,0.9985,0.0015,0.9985,0.0015,0.9955,0.0045,0.9945,0.0055,0.98,0.02,0.9535,0.0465,0.61,0.39,0.575,0.425,0.875,0.125
01/06/2026,0.9995,0.0005,0.9995,0.0005,0.993,0.007,0.9985,0.0015,0.9985,0.0015,0.9955,0.0045,0.9945,0.0055,0.9845,0.0155,0.947,0.053,0.605,0.395,0.575,0.425,0.875,0.125
02/06/2026,0.9995,0.0005,0.9995,0.0005,0.9945,0.0055,0.9985,0.0015,0.9985,0.0015,0.9955,0.0045,0.9955,0.0045,0.988,0.012,0.9375,0.0625,0.58,0.42,0.58,0.42,0.885,0.115
03/06/2026,0.9995,0.0005,0.9995,0.0005,0.9965,0.0035,0.9985,0.0015,0.9985,0.0015,0.996,0.004,0.9955,0.0045,0.989,0.011,0.9425,0.0575,0.555,0.445,0.605,0.395,0.88,0.12
04/06/2026,0.9995,0.0005,0.9995,0.0005,0.998,0.002,0.9985,0.0015,0.9985,0.0015,0.996,0.004,0.995,0.005,0.989,0.011,0.912,0.088,0.55,0.45,0.6,0.4,0.925,0.075
05/06/2026,0.9995,0.0005,0.9995,0.0005,0.999,0.001,0.9985,0.0015,0.9985,0.0015,0.9975,0.0025,0.9955,0.0045,0.977,0.023,0.908,0.092,0.54,0.46,0.63,0.37,0.935,0.065
06/06/2026,0.9995,0.0005,0.9995,0.0005,0.9985,0.0015,0.9985,0.0015,0.9985,0.0015,0.998,0.002,0.9955,0.0045,0.986,0.014,0.926,0.074,0.555,0.445,0.605,0.395,0.94,0.06
07/06/2026,0.9995,0.0005,0.9995,0.0005,0.9985,0.0015,0.9985,0.0015,0.9985,0.0015,0.9955,0.0045,0.995,0.005,0.974,0.026,0.8755,0.1245,0.55,0.45,0.635,0.365,0.935,0.065
08/06/2026,0.9985,0.0015,0.9995,0.0005,0.9985,0.0015,0.9985,0.0015,0.9985,0.0015,0.998,0.002,0.9885,0.0115,0.9765,0.0235,0.8865,0.1135,0.55,0.45,0.625,0.375,0.925,0.075
09/06/2026,0.9995,0.0005,0.9995,0.0005,0.9985,0.0015,0.9985,0.0015,0.9985,0.0015,0.9985,0.0015,0.9965,0.0035,0.9965,0.0035,0.931,0.069,0.52,0.48,0.635,0.365,0.925,0.075
10/06/2026,0.9995,0.0005,0.9995,0.0005,0.9985,0.0015,0.9985,0.0015,0.9985,0.0015,0.997,0.003,0.9955,0.0045,0.985,0.015,0.929,0.071,0.5,0.5,0.605,0.395,0.945,0.055
