datetime_utc,decreases_25_january_2025_no,decreases_25_january_2025_yes,decreases_50_january_2025_no,decreases_50_january_2025_yes,increases_25_january_2025_no,increases_25_january_2025_yes,no_change_january_2025_no,no_change_january_2025_yes
08/11/2024,0.565,0.435,0.88,0.12,0.89,0.11,0.63,0.37
09/11/2024,0.5,0.5,0.935,0.065,0.991,0.009,0.585,0.415
10/11/2024,0.545,0.455,0.945,0.055,0.9925,0.0075,0.545,0.455
11/11/2024,0.56,0.44,0.945,0.055,0.9925,0.0075,0.515,0.485
12/11/2024,0.555,0.445,0.945,0.055,0.9905,0.0095,0.51,0.49
13/11/2024,0.59,0.41,0.945,0.055,0.989,0.011,0.485,0.515
14/11/2024,0.615,0.385,0.955,0.045,0.9905,0.0095,0.475,0.525
15/11/2024,0.735,0.265,0.945,0.055,0.9895,0.0105,0.385,0.615
16/11/2024,0.725,0.275,0.945,0.055,0.9885,0.0115,0.375,0.625
17/11/2024,0.725,0.275,0.945,0.055,0.9885,0.0115,0.38,0.62
18/11/2024,0.71,0.29,0.945,0.055,0.989,0.011,0.385,0.615
19/11/2024,0.685,0.315,0.935,0.065,0.989,0.011,0.395,0.605
20/11/2024,0.695,0.305,0.945,0.055,0.989,0.011,0.38,0.62
21/11/2024,0.69,0.31,0.945,0.055,0.988,0.012,0.375,0.625
22/11/2024,0.695,0.305,0.945,0.055,0.989,0.011,0.365,0.635
23/11/2024,0.7,0.3,0.945,0.055,0.988,0.012,0.37,0.63
24/11/2024,0.705,0.295,0.945,0.055,0.9885,0.0115,0.37,0.63
25/11/2024,0.695,0.305,0.9535,0.0465,0.989,0.011,0.365,0.635
26/11/2024,0.7,0.3,0.953,0.047,0.9885,0.0115,0.355,0.645
27/11/2024,0.705,0.295,0.947,0.053,0.9885,0.0115,0.365,0.635
28/11/2024,0.71,0.29,0.946,0.054,0.9885,0.0115,0.36,0.64
29/11/2024,0.71,0.29,0.946,0.054,0.9895,0.0105,0.36,0.64
30/11/2024,0.71,0.29,0.9495,0.0505,0.9895,0.0105,0.355,0.645
01/12/2024,0.715,0.285,0.948,0.052,0.9895,0.0105,0.355,0.645
02/12/2024,0.71,0.29,0.956,0.044,0.9895,0.0105,0.365,0.635
03/12/2024,0.71,0.29,0.956,0.044,0.9895,0.0105,0.35,0.65
04/12/2024,0.705,0.295,0.96,0.04,0.991,0.009,0.345,0.655
05/12/2024,0.695,0.305,0.9585,0.0415,0.9865,0.0135,0.36,0.64
06/12/2024,0.715,0.285,0.955,0.045,0.991,0.009,0.37,0.63
07/12/2024,0.695,0.305,0.952,0.048,0.9905,0.0095,0.395,0.605
08/12/2024,0.695,0.305,0.9525,0.0475,0.9915,0.0085,0.385,0.615
09/12/2024,0.695,0.305,0.9525,0.0475,0.9915,0.0085,0.385,0.615
10/12/2024,0.705,0.295,0.949,0.051,0.9895,0.0105,0.365,0.635
11/12/2024,0.725,0.275,0.959,0.041,0.9895,0.0105,0.34,0.66
12/12/2024,0.755,0.245,0.9655,0.0345,0.989,0.011,0.295,0.705
13/12/2024,0.76,0.24,0.9785,0.0215,0.9905,0.0095,0.28,0.72
14/12/2024,0.775,0.225,0.9725,0.0275,0.99,0.01,0.27,0.73
15/12/2024,0.755,0.245,0.976,0.024,0.991,0.009,0.285,0.715
16/12/2024,0.785,0.215,0.974,0.026,0.992,0.008,0.27,0.73
17/12/2024,0.825,0.175,0.958,0.042,0.9925,0.0075,0.225,0.775
18/12/2024,0.835,0.165,0.9645,0.0355,0.9935,0.0065,0.205,0.795
19/12/2024,0.915,0.085,0.981,0.019,0.994,0.006,0.115,0.885
20/12/2024,0.92,0.08,0.984,0.016,0.99,0.01,0.115,0.885
21/12/2024,0.905,0.095,0.9825,0.0175,0.986,0.014,0.12,0.88
22/12/2024,0.905,0.095,0.9835,0.0165,0.9905,0.0095,0.115,0.885
23/12/2024,0.905,0.095,0.98,0.02,0.9905,0.0095,0.12,0.88
24/12/2024,0.915,0.085,0.978,0.022,0.9935,0.0065,0.115,0.885
25/12/2024,0.915,0.085,0.9805,0.0195,0.9945,0.0055,0.105,0.895
26/12/2024,0.915,0.085,0.991,0.009,0.9945,0.0055,0.105,0.895
27/12/2024,0.915,0.085,0.9885,0.0115,0.9955,0.0045,0.105,0.895
28/12/2024,0.905,0.095,0.9885,0.0115,0.9955,0.0045,0.105,0.895
29/12/2024,0.905,0.095,0.989,0.011,0.9955,0.0045,0.105,0.895
30/12/2024,0.915,0.085,0.99,0.01,0.994,0.006,0.095,0.905
31/12/2024,0.915,0.085,0.9915,0.0085,0.995,0.005,0.095,0.905
01/01/2025,0.915,0.085,0.9935,0.0065,0.9955,0.0045,0.095,0.905
02/01/2025,0.915,0.085,0.9965,0.0035,0.9955,0.0045,0.085,0.915
03/01/2025,0.915,0.085,0.9965,0.0035,0.9965,0.0035,0.085,0.915
04/01/2025,0.915,0.085,0.9955,0.0045,0.9965,0.0035,0.095,0.905
05/01/2025,0.915,0.085,0.9955,0.0045,0.9965,0.0035,0.095,0.905
06/01/2025,0.915,0.085,0.9945,0.0055,0.9955,0.0045,0.095,0.905
07/01/2025,0.915,0.085,0.9945,0.0055,0.9955,0.0045,0.095,0.905
08/01/2025,0.925,0.075,0.9945,0.0055,0.9955,0.0045,0.085,0.915
09/01/2025,0.945,0.055,0.9945,0.0055,0.9955,0.0045,0.065,0.935
10/01/2025,0.945,0.055,0.9945,0.0055,0.9955,0.0045,0.065,0.935
11/01/2025,0.9805,0.0195,0.9965,0.0035,0.9955,0.0045,0.0285,0.9715
12/01/2025,0.979,0.021,0.9975,0.0025,0.9955,0.0045,0.0285,0.9715
13/01/2025,0.9685,0.0315,0.9985,0.0015,0.9955,0.0045,0.036,0.964
14/01/2025,0.9715,0.0285,0.9985,0.0015,0.9955,0.0045,0.036,0.964
15/01/2025,0.9705,0.0295,0.9975,0.0025,0.9965,0.0035,0.035,0.965
16/01/2025,0.969,0.031,0.9985,0.0015,0.9965,0.0035,0.035,0.965
17/01/2025,0.976,0.024,0.9975,0.0025,0.9965,0.0035,0.029,0.971
18/01/2025,0.97,0.03,0.9985,0.0015,0.9965,0.0035,0.036,0.964
19/01/2025,0.973,0.027,0.9985,0.0015,0.9965,0.0035,0.0375,0.9625
20/01/2025,0.971,0.029,0.9975,0.0025,0.9965,0.0035,0.048,0.952
21/01/2025,0.9895,0.0105,0.9975,0.0025,0.9975,0.0025,0.015,0.985
22/01/2025,0.982,0.018,0.9975,0.0025,0.9975,0.0025,0.0225,0.9775
23/01/2025,0.991,0.009,0.9995,0.0005,0.9985,0.0015,0.012,0.988
24/01/2025,0.9895,0.0105,0.9985,0.0015,0.9985,0.0015,0.0115,0.9885
25/01/2025,0.989,0.011,0.9985,0.0015,0.9985,0.0015,0.0125,0.9875
26/01/2025,0.985,0.015,0.9985,0.0015,0.9985,0.0015,0.0175,0.9825
27/01/2025,0.9805,0.0195,0.9985,0.0015,0.9985,0.0015,0.021,0.979
28/01/2025,0.981,0.019,0.9985,0.0015,0.9985,0.0015,0.0205,0.9795
29/01/2025,0.9875,0.0125,0.9985,0.0015,0.9985,0.0015,0.0145,0.9855
