timestamp_unix,datetime_utc,increases_25_january_2026_yes
1758153602,2025-09-18T00:00:02+00:00,0.033
1758240005,2025-09-19T00:00:05+00:00,0.0425
1758326417,2025-09-20T00:00:17+00:00,0.0255
1758412807,2025-09-21T00:00:07+00:00,0.026
1758499209,2025-09-22T00:00:09+00:00,0.027
1758585605,2025-09-23T00:00:05+00:00,0.0325
1758672009,2025-09-24T00:00:09+00:00,0.0315
1758758409,2025-09-25T00:00:09+00:00,0.0275
1758844814,2025-09-26T00:00:14+00:00,0.022
1758931210,2025-09-27T00:00:10+00:00,0.02
1759017608,2025-09-28T00:00:08+00:00,0.0175
1759104007,2025-09-29T00:00:07+00:00,0.0165
1759190412,2025-09-30T00:00:12+00:00,0.0145
1759276807,2025-10-01T00:00:07+00:00,0.0105
1759363203,2025-10-02T00:00:03+00:00,0.0085
1759449610,2025-10-03T00:00:10+00:00,0.0075
1759536007,2025-10-04T00:00:07+00:00,0.0075
1759622404,2025-10-05T00:00:04+00:00,0.0075
1759708808,2025-10-06T00:00:08+00:00,0.0075
1759795206,2025-10-07T00:00:06+00:00,0.0075
1759881608,2025-10-08T00:00:08+00:00,0.0095
1759968007,2025-10-09T00:00:07+00:00,0.01
1760054412,2025-10-10T00:00:12+00:00,0.0105
1760140804,2025-10-11T00:00:04+00:00,0.009
1760227218,2025-10-12T00:00:18+00:00,0.0095
1760313608,2025-10-13T00:00:08+00:00,0.009
1760400007,2025-10-14T00:00:07+00:00,0.0095
1760486415,2025-10-15T00:00:15+00:00,0.0125
1760572808,2025-10-16T00:00:08+00:00,0.01
1760659207,2025-10-17T00:00:07+00:00,0.0085
1760745604,2025-10-18T00:00:04+00:00,0.012
1760832015,2025-10-19T00:00:15+00:00,0.0085
1760918418,2025-10-20T00:00:18+00:00,0.0085
1761004808,2025-10-21T00:00:08+00:00,0.024
1761091207,2025-10-22T00:00:07+00:00,0.0105
1761177606,2025-10-23T00:00:06+00:00,0.0105
1761264007,2025-10-24T00:00:07+00:00,0.013
1761350407,2025-10-25T00:00:07+00:00,0.0115
1761436807,2025-10-26T00:00:07+00:00,0.0105
1761523207,2025-10-27T00:00:07+00:00,0.0095
1761609607,2025-10-28T00:00:07+00:00,0.01
1761696007,2025-10-29T00:00:07+00:00,0.0195
1761782407,2025-10-30T00:00:07+00:00,0.0175
1761868806,2025-10-31T00:00:06+00:00,0.022
1761955207,2025-11-01T00:00:07+00:00,0.0215
1762041607,2025-11-02T00:00:07+00:00,0.017
1762128005,2025-11-03T00:00:05+00:00,0.017
1762214406,2025-11-04T00:00:06+00:00,0.017
1762300807,2025-11-05T00:00:07+00:00,0.0175
1762387204,2025-11-06T00:00:04+00:00,0.021
1762473607,2025-11-07T00:00:07+00:00,0.02
1762560006,2025-11-08T00:00:06+00:00,0.0195
1762646419,2025-11-09T00:00:19+00:00,0.0255
1762732805,2025-11-10T00:00:05+00:00,0.0145
1762819208,2025-11-11T00:00:08+00:00,0.0205
1762905609,2025-11-12T00:00:09+00:00,0.0145
1762992007,2025-11-13T00:00:07+00:00,0.0145
1763078407,2025-11-14T00:00:07+00:00,0.0155
1763164807,2025-11-15T00:00:07+00:00,0.0145
1763251207,2025-11-16T00:00:07+00:00,0.0145
1763337607,2025-11-17T00:00:07+00:00,0.0145
1763424006,2025-11-18T00:00:06+00:00,0.0135
1763510408,2025-11-19T00:00:08+00:00,0.0135
1763596806,2025-11-20T00:00:06+00:00,0.0135
1763683208,2025-11-21T00:00:08+00:00,0.0135
1763769607,2025-11-22T00:00:07+00:00,0.0135
1763856007,2025-11-23T00:00:07+00:00,0.0135
1763942410,2025-11-24T00:00:10+00:00,0.0135
1764028807,2025-11-25T00:00:07+00:00,0.0135
1764115208,2025-11-26T00:00:08+00:00,0.0135
1764201608,2025-11-27T00:00:08+00:00,0.0135
1764288008,2025-11-28T00:00:08+00:00,0.0135
1764374409,2025-11-29T00:00:09+00:00,0.0135
1764460808,2025-11-30T00:00:08+00:00,0.0135
1764547207,2025-12-01T00:00:07+00:00,0.0125
1764633607,2025-12-02T00:00:07+00:00,0.0125
1764720009,2025-12-03T00:00:09+00:00,0.0125
1764806408,2025-12-04T00:00:08+00:00,0.0125
1764892808,2025-12-05T00:00:08+00:00,0.0115
1764979209,2025-12-06T00:00:09+00:00,0.0115
1765065621,2025-12-07T00:00:21+00:00,0.0115
1765152021,2025-12-08T00:00:21+00:00,0.0115
1765238419,2025-12-09T00:00:19+00:00,0.0105
1765324808,2025-12-10T00:00:08+00:00,0.0125
1765411208,2025-12-11T00:00:08+00:00,0.0105
1765497608,2025-12-12T00:00:08+00:00,0.0105
1765584009,2025-12-13T00:00:09+00:00,0.0095
1765670409,2025-12-14T00:00:09+00:00,0.0105
1765756809,2025-12-15T00:00:09+00:00,0.0135
1765843207,2025-12-16T00:00:07+00:00,0.0135
1765929604,2025-12-17T00:00:04+00:00,0.0125
1765929630,2025-12-17T00:00:30+00:00,0.0125
1766016018,2025-12-18T00:00:18+00:00,0.0125
1766102409,2025-12-19T00:00:09+00:00,0.0075
1766188808,2025-12-20T00:00:08+00:00,0.0075
1766275208,2025-12-21T00:00:08+00:00,0.0075
1766361608,2025-12-22T00:00:08+00:00,0.0075
1766448009,2025-12-23T00:00:09+00:00,0.0065
1766534409,2025-12-24T00:00:09+00:00,0.0065
1766620819,2025-12-25T00:00:19+00:00,0.0035
1766707208,2025-12-26T00:00:08+00:00,0.0035
1766793610,2025-12-27T00:00:10+00:00,0.0035
1766880010,2025-12-28T00:00:10+00:00,0.0035
1766966426,2025-12-29T00:00:26+00:00,0.0035
1767052813,2025-12-30T00:00:13+00:00,0.0025
1767139209,2025-12-31T00:00:09+00:00,0.0025
1767225609,2026-01-01T00:00:09+00:00,0.0025
1767312009,2026-01-02T00:00:09+00:00,0.0035
1767398410,2026-01-03T00:00:10+00:00,0.0035
1767484810,2026-01-04T00:00:10+00:00,0.0035
1767571211,2026-01-05T00:00:11+00:00,0.0035
1767657613,2026-01-06T00:00:13+00:00,0.0035
1767744010,2026-01-07T00:00:10+00:00,0.0035
1767830426,2026-01-08T00:00:26+00:00,0.0035
1767916810,2026-01-09T00:00:10+00:00,0.0035
1768003211,2026-01-10T00:00:11+00:00,0.0025
1768089611,2026-01-11T00:00:11+00:00,0.0005
1768176012,2026-01-12T00:00:12+00:00,0.0005
1768262412,2026-01-13T00:00:12+00:00,0.0005
1768348811,2026-01-14T00:00:11+00:00,0.0005
1768435213,2026-01-15T00:00:13+00:00,0.0005
1768521615,2026-01-16T00:00:15+00:00,0.0015
1768608012,2026-01-17T00:00:12+00:00,0.0015
1768694414,2026-01-18T00:00:14+00:00,0.0015
1768780811,2026-01-19T00:00:11+00:00,0.0015
1768867212,2026-01-20T00:00:12+00:00,0.0005
1768953613,2026-01-21T00:00:13+00:00,0.0005
1769040015,2026-01-22T00:00:15+00:00,0.0005
1769126428,2026-01-23T00:00:28+00:00,0.0005
1769212817,2026-01-24T00:00:17+00:00,0.0005
1769299229,2026-01-25T00:00:29+00:00,0.0005
1769385626,2026-01-26T00:00:26+00:00,0.0005
1769472024,2026-01-27T00:00:24+00:00,0.0015
1769558415,2026-01-28T00:00:15+00:00,0.0015
